﻿<?xml version="1.0"?>
<bookstore specialty="novel">
  <book style="autobiography">
    <title>Seven Years in Redmond</title>
    <author>
      <first-name>Bill</first-name>
      <last-name>Allard</last-name>
      <country>USA</country>
    </author>
    <price>12</price>
    <subject>Thriller</subject>
  </book>
  <book style="textbook">
    <title>History of Trenton</title>
    <author>
      <first-name>Mary</first-name>
      <last-name>Bob</last-name>
      <country>US</country>
    </author>
    <price>55</price>
    <subject>History</subject>
  </book>
  <book style="storybook">
    <title>XQL The Golden Years</title>
    <author>
      <first-name>Mary</first-name>
      <last-name>Bob</last-name>
    </author>
    <price  >55.95</price>
    <subject>Nonfiction</subject>
  </book>
  <book style="leather" >
    <title>Master your Python </title>
    <author>
      <first-name>Jeff</first-name>
      <last-name>Lee</last-name>
    </author>
    <price >65.95</price>
    <subject>Computers</subject>
  </book>
  <book style="hard back" >
    <title>VB for Dummies</title>
    <author>
      <first-name>Jeff</first-name>
      <last-name>Richter</last-name>
    </author>
    <price >91.95</price>
    <subject>Computers</subject>
  </book>
  <book style="hard back" >
    <title>CLR Via C#</title>
    <author>
      <first-name>Jeff</first-name>
      <last-name>Richter</last-name>
    </author>
    <price >15.95</price>
    <subject>Computers</subject>
  </book>
</bookstore>
