<?xml version="1.0" standalone="yes"?>
<kAI xmlns="http://tempuri.org/AI.xsd">
  <Definition>
    <Type>0</Type>
    <MinX>0</MinX>
    <MaxX>0</MaxX>
    <MinY>0</MinY>
    <MaxY>0</MaxY>
    <VelocityX>0</VelocityX>
    <VelocityY>0</VelocityY>
    <AccelerationX>0</AccelerationX>
    <AccelerationY>0</AccelerationY>
    <FireRateMin>0</FireRateMin>
    <FireRateMax>0</FireRateMax>
    <DuckChance>0</DuckChance>
    <DuckRate>0</DuckRate>
  </Definition>
  <Definition>
    <Type>1</Type>
    <MinX>50</MinX>
    <MaxX>175</MaxX>
    <MinY>0</MinY>
    <MaxY>0</MaxY>
    <VelocityX>0</VelocityX>
    <VelocityY>0</VelocityY>
    <AccelerationX>0</AccelerationX>
    <AccelerationY>0</AccelerationY>
    <FireRateMin>1.75</FireRateMin>
    <FireRateMax>3.5</FireRateMax>
    <DuckChance>.65</DuckChance>
    <DuckRate>1.0</DuckRate>
  </Definition>
  <Definition>
    <Type>2</Type>
    <MinX>125</MinX>
    <MaxX>200</MaxX>
    <MinY>70</MinY>
    <MaxY>100</MaxY>
    <VelocityX>120</VelocityX>
    <VelocityY>100</VelocityY>
    <AccelerationX>100</AccelerationX>
    <AccelerationY>100</AccelerationY>
    <FireRateMin>.5</FireRateMin>
    <FireRateMax>.75</FireRateMax>
    <DuckChance>.20</DuckChance>
    <DuckRate>1.5</DuckRate>
  </Definition>
  <Definition>
    <Type>4</Type>
    <MinX>50</MinX>
    <MaxX>200</MaxX>
    <MinY>0</MinY>
    <MaxY>0</MaxY>
    <VelocityX>20</VelocityX>
    <VelocityY>0</VelocityY>
    <AccelerationX>0</AccelerationX>
    <AccelerationY>0</AccelerationY>
    <FireRateMin>1.75</FireRateMin>
    <FireRateMax>3.0</FireRateMax>
    <DuckChance>.20</DuckChance>
    <DuckRate>1.0</DuckRate>
  </Definition>
</kAI>