<?xml version="1.0" encoding="UTF-8"?>
<?xml-stylesheet type='text/xsl' href='_UpgradeReport_Files/UpgradeReport.xslt'?>
<UpgradeLog>
<Properties><Property Name="Solution" Value="V1App">
</Property><Property Name="Solution File" Value="C:\download\Visual Studio\Projects\V1App\V1App.sln">
</Property><Property Name="Date" Value="Thursday, April 01, 2004">
</Property><Property Name="Time" Value="22:10 PM">
</Property></Properties><Event ErrorLevel="0" Project="V1App" Source="V1App\V1App.csproj" Description="Project upgraded successfully">
</Event><Event ErrorLevel="3" Project="V1App" Source="V1App\V1App.csproj" Description="Upgraded">
</Event><Event ErrorLevel="0" Project="Person" Source="Person\Person.csproj" Description="Project upgraded successfully">
</Event><Event ErrorLevel="3" Project="Person" Source="Person\Person.csproj" Description="Upgraded">
</Event><Event ErrorLevel="0" Project="" Source="V1App.sln" Description="The solution file does not require upgrade.">
</Event><Event ErrorLevel="3" Project="" Source="V1App.sln" Description="No Upgrade Required">
</Event></UpgradeLog>
