﻿<?xml version="1.0" encoding="UTF-8"?>
<Recipe>
    <Title>Mike's Baked Salmon</Title>
    <Background>
        <Author>Mike Mueller</Author>
        <History>I developed this dish while cooking at the Poulsbo Yacht Club</History>
    </Background>
    <RecipeKeywords>
        <Keyword>fish</Keyword>
        <Keyword>salmon</Keyword>
    </RecipeKeywords>
    <RecipeInfo>
        <Difficulty>Easy</Difficulty>
        <PreparationTime>15 minutes</PreparationTime>
        <CookTime>20 minutes</CookTime>
        <Yield>4 servings</Yield>
    </RecipeInfo>
    <Comments>Searing the fish before baking gives it a nice texture, and the curry powder adds a unique flavor. Serve with a fruit salsa or a mild chutney.</Comments>
    <Ingredients>
        <Item Quantity="24" Unit="oz">Salmon fillet</Item>
        <Item Quantity="1" Unit="c">all-purpose flour</Item>
        <Item Quantity="2" Unit="Tbsp">curry powder</Item>
        <Item Quantity="1" Unit="tsp">kosher salt</Item>
        <Item Quantity="0.25" Unit="tsp">ground pepper</Item>
    </Ingredients>
    <Directions>
        <Step>Preheat the oven to 325º</Step>
        <Step>Remove the skin from the fillet. Cut the fillet into 4 equal portions.</Step>
        <Step>Mix the flour, curry powder, salt, and pepper in a shallow baking dish.</Step>
        <Step>Dredge the salmon pieces in the flour mixture. Shake off the excess.</Step>
        <Step>Spray an oven-proof skillet with cooking spray. Over medium high heat, sear the salmon for about 30 seconds on each side.</Step>
        <Step>Place the skillet in the preheated oven and bake for about 20 minutes or until the salmon is just done. Do not overcook.</Step>
        <Step>Serve immediately.</Step>
    </Directions>
   <Rating>1</Rating>
</Recipe>