﻿<?xml version="1.0" encoding="utf-8" ?>
<root>
  <item>
    <title>1 + 1</title>
    <link>http://www.microsoft.com</link>
    <pubDate>Sat, 18 Mar 2006 20:21:00 GMT</pubDate>
    <guid>http://CalcNews.Com/1plus1.aspx</guid>
    <comments>http://CalcNews.Com/1plus1.aspx#Feedback</comments>
    <category>Addition</category>
    <description>Breaking news today, 1 + 1 is still equal to 2 in most universes.
    </description>
  </item>
  <item>
    <title>Euclid Sets Record Straight</title>
    <link>http://msdn.microsoft.com</link>
    <pubDate>Sat, 18 Mar 2006 20:21:00 GMT</pubDate>
    <guid>http://CalcNews.Com/Euclid.aspx</guid>
    <comments>http://CalcNews.Com/Euclid.aspx#Feedback</comments>
    <category>Geometry</category>
    <description>Euclid is now claiming the fifth postulate was a hoax.
    </description>
  </item>
  <item>
    <title>Godel vs. Gauss</title>
    <link>http://www.msn.com</link>
    <pubDate>Sat, 18 Mar 2006 20:21:00 GMT</pubDate>
    <guid>http://CalcNews.Com/GodelvsGauss.aspx</guid>
    <comments>http://CalcNews.Com/GodelvsGauss.aspx#Feedback</comments>
    <category>Competition</category>
    <description>Tune in to see who will go down as the greatest mathemetician whose name starts with G.
    </description>
  </item>
</root>